cycle,EV,RC,EI,OF
1,0.35,0.3,0.2,0.15
2,0.2946683497780504,0.311673617648215,0.1909389916350277,0.202719040938707
3,0.25870277713378315,0.3192614691195547,0.18504933619779568,0.2369864175488665
