cycle,EV,RC,EI,OF
1,0.35,0.3,0.2,0.15
2,0.28680106136726263,0.4084613771302053,0.17153680338272348,0.1332007581198086
3,0.24572175125598333,0.47896127226483876,0.15303572558149373,0.12228125089768418
