model,EI,EV,OF,RC
logistic_regression,0.17403523055083134,0.1270436957008711,0.3355101881964402,0.3634108855518573
random_forest,0.16265060240963855,0.14859437751004015,0.3433734939759036,0.34538152610441764
