model,EI,EV,OF,RC
logistic_regression,0.06729430839879538,0.2343168545641001,0.17729972455658874,0.5210891124805157
random_forest,0.08562765224158825,0.15298155246636672,0.2284933475826797,0.5328974477093652
