model,EI,EV,OF,RC
logistic_regression,0.0672943083987954,0.2343168545641001,0.1772997245565887,0.5210891124805158
random_forest,0.08562765224158825,0.15298155246636672,0.2284933475826797,0.5328974477093652
