iso3,mean_score,cv,gini,pci,rpci
NGA,0.1825,0.5252920087929976,0.25433789954337893,0.08663420839527793,0.06459984580341957
ZAF,0.5378333333333334,0.13080281961138557,0.06936266914574918,0.46748321685234323,0.4350573331506236
