feature,raw_abs_coef,normalised_weight,mapped_criterion
rule_of_law,0.18880082708824014,0.17095941619937524,RC
regulatory_quality,0.1984817617757926,0.17972551626351704,RC
government_effectiveness,0.1984219458868257,0.17967135289138073,OF
control_of_corruption,0.19268340242828483,0.17447509366605235,EI
political_stability,0.161985407967697,0.1466780162251737,OF
fraser_ppi,0.16398715915002748,0.1484906047545009,EV
