alpha,cycle,EV,RC,EI,OF
0.1,3,0.1505056987069559,0.3501780831382634,0.17473034272939184,0.3245858754253889
0.3,3,0.16662645032659582,0.346123288541232,0.17677233523610764,0.3104779258960645
0.5,3,0.19886795356587567,0.3380136993471692,0.18085632024953927,0.28226202683741586
0.65,3,0.23362832424572433,0.3292705484973203,0.18525936659214526,0.2518417606648102
0.8,3,0.27745661771162033,0.3182465756866412,0.19081103371977887,0.21348577288195958
0.9,3,0.3117132149033552,0.3096301371679495,0.19515026779654993,0.18350638013214537
0.99,3,0.3459899630346146,0.30100863015601154,0.1994920543639544,0.15350935244541944
