iso3,configuration,pci_c1,pci_c3,rpci_c1,rpci_c3,delta_pci
NGA,standalone_mcdm,0.08663420839527793,0.09263420839527793,0.06459984580341957,0.06969984580341956,0.006
NGA,standalone_ai,0.08663420839527793,0.09563420839527792,0.06459984580341957,0.07224984580341957,0.009
NGA,static_ai_mcdm,0.08663420839527793,0.10563420839527793,0.06459984580341957,0.08074984580341957,0.019
NGA,aiml_mrms_full_adaptive,0.08663420839527793,0.11663420839527792,0.06459984580341957,0.09009984580341956,0.03
ZAF,standalone_mcdm,0.46748321685234323,0.47148321685234323,0.4350573331506236,0.43845733315062363,0.004
ZAF,standalone_ai,0.46748321685234323,0.47348321685234324,0.4350573331506236,0.4401573331506236,0.006
ZAF,static_ai_mcdm,0.46748321685234323,0.47648321685234324,0.4350573331506236,0.4427073331506236,0.009
ZAF,aiml_mrms_full_adaptive,0.46748321685234323,0.48448321685234325,0.4350573331506236,0.44950733315062363,0.017
