criterion,svm_signal
EV,0.1484906047545009
RC,0.3506849324628923
EI,0.17447509366605235
OF,0.32634936911655443
