accuracy,balanced_accuracy,f1,precision,recall,roc_auc,modal_C
0.9375,0.9545454545454546,0.9090909090909091,0.8333333333333334,1.0,0.9454545454545454,0.1
