criterion,svm_signal
EV,0.22669566196389623
RC,0.543397545150414
EI,0.021531447044452114
OF,0.20837534584123774
