rho,mean_pci_interval_width,max_pci_interval_width,mean_rpci_interval_width,max_rpci_interval_width,mean_pci_width_ratio_vs_rho0,max_pci_width_ratio_vs_rho0,mean_rpci_width_ratio_vs_rho0,max_rpci_width_ratio_vs_rho0,pci_rank_spearman_vs_rho0,rpci_rank_spearman_vs_rho0
0.0,0.0717460243816091,0.08047938311680425,0.08545486983046391,0.09471469255894693,1.0,1.0,1.0,1.0,1.0,1.0
0.25,0.08611067944588235,0.09787790067099403,0.09472966515099945,0.10651855561953272,1.2003153305764547,1.2527739147651855,1.1086447960129833,1.176891549304897,1.0,1.0
0.5,0.09844389611575383,0.11398736363814418,0.1032683876423668,0.12069078629620886,1.371611147973832,1.4700801365847564,1.2081038292114628,1.336457971435436,1.0,1.0
0.75,0.10868754275597176,0.12771095982569625,0.11023841283610106,0.1339275361594635,1.5138661259637738,1.6774052775027921,1.289311769675726,1.4882636772822524,1.0,1.0
