model,validation,n,r2_asinh,mae_asinh,rmse_asinh,spearman,mae_fdi_pct_gdp
controls,leave_one_country_out,319,-0.05112271487804931,0.7532932091380129,0.999561351543597,-0.08913689596025315,3.1892877397515407
governance_only,leave_one_country_out,319,-0.04948834216196585,0.7490543414846502,0.9987839488160538,-0.5753504465605962,3.16712090015255
governance_plus_controls,leave_one_country_out,319,-0.06797100440546333,0.7601174590194204,1.0075404149030032,-0.025025137517004793,3.2209846268622058
controls,temporal_2019_2023,48,0.020931468661434804,0.9007871662470722,1.1597659891909178,0.3657186278766826,3.6987588533769595
governance_only,temporal_2019_2023,48,-0.03307562204859371,0.928912425777089,1.1913239681315444,0.004776378636561007,3.7429748658445483
governance_plus_controls,temporal_2019_2023,48,0.026560208264381324,0.8573802822626462,1.1564273922826422,0.35942249240121577,3.6510334231698436
