dimension,vif
control_of_corruption,14.117225737989743
government_effectiveness,8.475646229995675
political_stability,4.27720078542795
regulatory_quality,10.442671709782752
rule_of_law,23.121485113154
voice_accountability,6.944043155647747
