feature,mean,sd,positive_fraction,mean_absolute,absolute_weight
control_of_corruption__score_0_1,4.160232077869731,1.8237268108297842,1.0,4.160232077869731,0.10314320574007918
government_effectiveness__score_0_1,-3.03947301565328,5.328948256369141,0.42857142857142855,4.631567144649712,0.11482885424608637
political_stability__score_0_1,5.715680288311423,2.377042439451796,1.0,5.715680288311423,0.14170689925156627
regulatory_quality__score_0_1,13.339697508710824,7.307073382580188,1.0,13.339697508710826,0.3307265409471865
rule_of_law__score_0_1,4.267626175589215,2.414443039859483,1.0,4.267626175589216,0.1058057907375063
voice_accountability__score_0_1,-7.857041666773071,6.150785377763073,0.14285714285714285,8.219720518951762,0.20378870907757551
