{
  "measure": "Spearman(governance_mean, Fraser PPI)",
  "estimate": 0.7146706324905958,
  "cluster_bootstrap_ci95_lower": 0.4369938592344006,
  "cluster_bootstrap_ci95_upper": 0.8479233288232906,
  "replicates": 5000
}