measure,spearman,p_value_naive,n
control_of_corruption__score_0_1,0.6895809640451404,4.070371711811606e-11,70
government_effectiveness__score_0_1,0.6766687078995713,1.2760748681678344e-10,70
political_stability__score_0_1,0.6758288863616481,1.3717970908003985e-10,70
regulatory_quality__score_0_1,0.6836672207155979,6.91909220985179e-11,70
rule_of_law__score_0_1,0.7137608258245122,4.053637114343696e-12,70
voice_accountability__score_0_1,0.5647274954072259,3.537198444635362e-07,70
governance_mean,0.7146706324905958,3.699554340768488e-12,70
governance_pci,0.7033680342927128,1.1237728573161407e-11,70
governance_rpci,0.6895809640451404,4.070371711811606e-11,70
